dilution_id,28504,28505,28506,28507,28508,28509,28510,28511,28512,28513,28514,28515,28516
dilution_name,12,9,1,5,11,2,4,3,8,10,7,6,Blank 
Group,RC-MV,RC-cell,GC-cell,GC-MV,RC-MV,GC-cell,GC-MV,GC-cell,RC-cell,RC-MV,RC-cell,GC-MV,
Treatment,RC,RC,GC,GC,RC,GC,GC,GC,RC,RC,RC,GC,
Type,MV,cell,cell,MV,MV,cell,MV,cell,cell,MV,cell,MV,
mmu-let-7g-5p,27.75281197,26.47424954,26.72842035,28.55902097,28.92949338,26.71099818,28.56604909,26.53367618,26.48228046,27.23055302,26.47613285,27.8156254,ND
mmu-miR-106a-5p,36.18751067,35.21199805,35.17397256,35.62231002,38.83045798,36.73665273,38.64394886,35.62016213,34.76844115,35.34834983,35.58270343,35.53681381,ND
mmu-miR-10b-5p,31.25344551,32.65597302,32.09969798,30.98976133,32.46253638,32.19848259,30.9868962,32.61827625,31.85666215,30.54563796,32.04494322,30.76424304,ND
mmu-miR-136-5p,28.24304077,27.71693768,28.28589057,31.72701207,32.41952555,28.40431347,30.86428674,28.39956915,27.06576879,28.21170753,27.59479788,30.18023356,ND
mmu-miR-143-3p,25.95060282,25.31922624,24.72477558,25.91064219,27.68864344,24.79091426,26.25516114,24.79095785,25.2444627,25.3637797,25.66454163,24.81821052,ND
mmu-miR-146b-5p,34.49843508,33.37988465,33.15577909,35.92570401,36.94006104,34.35443601,35.71916237,33.49868327,33.47546019,33.84454034,34.71079951,34.35873937,ND
mmu-miR-148a-3p,27.32951912,27.36062863,27.57819409,28.49611192,29.201091,27.87148382,28.66183053,27.28416563,27.24338004,27.29269585,27.68289911,27.60342561,ND
mmu-miR-149-5p,29.89965254,29.52813403,29.73943226,31.38539201,30.52013055,29.53467982,31.03316728,29.31522525,29.19762174,29.74664591,29.34626816,30.49702499,ND
mmu-miR-155-5p,34.58043257,32.62652597,33.84357743,35.67450543,35.25326645,33.57775104,35.21539699,33.63466661,33.12785881,34.0767085,32.92618569,35.34515167,ND
mmu-miR-15a-5p,28.2237222,27.52478781,27.15361332,28.98154164,31.05162322,27.09817909,29.05333879,26.90505075,27.15897749,27.99559805,27.08051911,28.33823186,ND
mmu-miR-18a-3p,35.24332032,36.80357349,34.14596372,34.70873064,35.79181894,34.88918864,35.70316198,35.82334586,36.83291911,33.90812231,36.49737027,34.91356117,ND
mmu-miR-193b-3p,31.03399431,30.01905693,30.11730262,31.73075538,31.76776652,30.33303243,31.99205898,29.99180416,30.22582601,30.50913856,30.09527226,31.07406605,ND
mmu-miR-1a-3p,ND,ND,38.19326106,ND,ND,37.79078068,35.9668506,ND,ND,35.95256715,ND,35.60942464,ND
mmu-miR-200b-3p,ND,ND,ND,ND,38.17102451,ND,ND,ND,ND,38.76821925,ND,ND,ND
mmu-miR-200c-3p,36.95738914,34.87600434,36.41856967,36.08103138,ND,ND,37.95799795,36.28800544,36.67367064,34.9717864,35.34227213,36.51278846,ND
mmu-miR-201-5p,ND,ND,ND,ND,ND,ND,36.42147229,ND,ND,39.38760717,ND,36.43004061,ND
mmu-miR-202-3p,ND,ND,ND,ND,ND,ND,ND,37.3306797,ND,ND,ND,ND,ND
mmu-miR-205-5p,ND,37.39546428,ND,ND,34.79896409,ND,ND,34.07422124,ND,ND,ND,ND,ND
mmu-miR-207,ND,34.94874082,ND,ND,ND,ND,ND,ND,ND,ND,ND,ND,ND
mmu-miR-208a-3p,ND,ND,ND,ND,37.80163778,ND,ND,ND,ND,ND,ND,ND,ND
mmu-miR-208b-3p,ND,ND,ND,ND,ND,ND,37.87899775,ND,ND,37.45500078,ND,37.81221407,ND
mmu-miR-20a-3p,38.01935615,37.28578992,ND,ND,ND,ND,ND,38.17580148,ND,ND,35.75043337,ND,ND
mmu-miR-214-3p,26.97412591,25.87361528,26.69177417,28.34443578,27.57601406,26.83380107,28.26029419,26.52401195,25.89995666,26.54332758,25.8636023,27.75399151,ND
mmu-miR-223-3p,28.95926515,ND,ND,27.88671785,29.57784599,ND,28.10434845,ND,ND,28.15723453,ND,27.92421534,ND
mmu-miR-224-5p,38.18669581,36.43527483,38.57116686,37.4418861,ND,ND,37.85633147,36.6900204,36.97948072,38.44638156,38.8271698,37.7185914,ND
mmu-miR-291a-3p,ND,ND,ND,ND,ND,ND,ND,ND,ND,ND,ND,38.95845186,ND
mmu-miR-291b-5p,36.01370613,ND,38.29744411,ND,ND,36.49090596,ND,ND,38.08669583,ND,ND,ND,ND
mmu-miR-297a-3p,ND,39.26517063,ND,ND,ND,ND,ND,38.24631743,ND,38.32212827,ND,ND,ND
mmu-miR-297a-5p,ND,ND,37.45386683,ND,ND,ND,ND,ND,ND,ND,ND,ND,37.2372667
mmu-miR-297c-5p,ND,ND,36.1125321,ND,ND,ND,ND,36.0530207,38.1121612,35.76635274,39.30998421,ND,ND
mmu-miR-299a-3p,32.98912831,32.67437355,34.55488656,34.48627917,ND,33.80591973,35.15198737,33.62367511,32.29996716,32.32707158,32.94137772,32.92344607,ND
mmu-miR-302d-3p,ND,ND,ND,ND,39.54478127,ND,ND,ND,ND,ND,ND,ND,ND
mmu-miR-3107-5p,30.85788215,ND,ND,30.32610747,31.61843359,ND,30.62800823,ND,ND,30.0793665,ND,30.01384663,ND
mmu-miR-324-3p,ND,ND,ND,31.77529066,ND,ND,ND,ND,ND,ND,ND,ND,ND
mmu-miR-337-3p,33.58441354,31.78815422,33.52753072,34.79479279,34.54208451,33.12622279,35.95310844,33.59943465,32.72685308,32.84312574,32.70688241,34.45571835,39.42265358
mmu-miR-337-5p,32.21347324,31.25666833,32.54385303,32.22695333,32.46231545,32.24438191,33.59843619,32.28631453,31.67014201,31.37194448,31.80333681,32.17266974,ND
mmu-miR-338-3p,35.7510722,ND,ND,36.4519596,ND,ND,36.68061138,ND,ND,36.4739608,ND,36.57453765,ND
mmu-miR-339-3p,36.03807211,34.98814644,35.82412304,37.89497623,ND,36.24454794,ND,35.58391959,35.14510387,35.51128433,34.83452149,36.47552976,ND
mmu-miR-343,37.46064689,ND,ND,ND,ND,ND,ND,ND,ND,37.19841099,ND,ND,ND
mmu-miR-344-3p,38.23688666,36.82305702,ND,35.76886683,ND,37.03765399,39.15555884,ND,35.53736461,34.69219939,36.21771361,36.30451966,ND
mmu-miR-345-3p,35.54051803,35.71852137,36.8874866,ND,37.22082122,36.70440375,36.13110893,36.14693041,36.00384286,36.99107831,37.36221457,ND,35.96035737
mmu-miR-345-5p,30.18471191,29.2543681,29.48435853,30.67434493,30.59827357,29.3919103,30.84341159,29.55020408,29.10165599,29.3455742,29.46174798,30.00774727,ND
mmu-miR-350-3p,30.89559999,29.86504667,30.34303556,31.65012529,32.73302474,30.17711814,32.53976262,30.43949955,30.19534218,30.60515376,30.01876535,31.45665084,ND
mmu-miR-351-5p,28.8326655,27.54633073,29.60136588,31.13911278,29.01207615,29.91426396,31.91694923,29.48217288,27.59747094,28.33735566,27.69581875,30.88282011,36.93961098
mmu-miR-363-3p,37.70536413,ND,ND,37.27989036,ND,ND,39.0091123,ND,ND,39.51574367,ND,37.64239306,ND
mmu-miR-377-3p,31.791996,30.95076327,31.99443935,33.37894291,33.8161189,32.69683817,33.95155221,32.51999654,30.8443315,31.13035726,31.59969215,32.75526119,ND
mmu-miR-380-3p,31.0142788,30.16256736,31.06029626,32.79106097,32.67827152,30.9771021,32.61495738,30.5178027,30.27554653,30.34913997,30.03029905,31.67070459,ND
mmu-miR-381-3p,32.02373853,31.85182917,32.87249875,33.64370278,33.52387332,32.59347251,33.8407085,32.32363923,31.47246571,31.62143537,31.92750814,33.0825287,ND
mmu-miR-409-3p,29.48415634,28.62456643,29.48377993,30.6724421,29.5569927,29.73748155,30.72003616,29.35509089,28.53654727,28.55350759,28.69288753,30.12579846,ND
mmu-miR-412-3p,35.69036032,33.82043276,35.90220071,ND,35.59974267,34.88683986,ND,37.14324969,35.88323913,36.20066076,34.63670521,ND,ND
mmu-miR-421-3p,33.25833616,32.03215462,32.60703833,34.35563758,34.74942712,32.55726986,33.74159242,32.94602598,32.73657261,32.57098317,33.12913209,33.34291997,ND
mmu-miR-423-5p,30.46108027,31.05682795,30.73242242,30.61911938,31.08892495,31.04683302,30.88055507,30.66634672,31.19858048,30.78617594,31.09374706,30.47842197,ND
mmu-miR-425-3p,ND,ND,ND,ND,ND,ND,39.06636822,ND,ND,35.74782232,ND,36.51323566,ND
mmu-miR-434-5p,29.5840856,29.24781732,30.21683819,31.22686799,31.01102542,30.04469111,32.48138765,30.04527448,29.07114327,28.95422921,29.14579462,30.8687359,ND
mmu-miR-450a-5p,31.36864893,30.49944658,33.0135306,35.30013564,32.86495678,33.5352201,34.32894454,32.32555651,30.4464095,31.09172429,31.37227118,33.99808964,ND
mmu-miR-452-5p,ND,ND,36.88950212,36.81087218,ND,36.99738248,37.30484054,36.8553771,37.92804429,39.02903278,36.07711588,ND,ND
mmu-miR-466a-3p,ND,ND,39.1090182,ND,ND,36.66248413,ND,38.03057446,ND,ND,ND,ND,ND
mmu-miR-466c-5p,ND,38.34660206,ND,ND,38.62313757,37.87218712,39.23931802,ND,ND,ND,38.64670567,ND,ND
mmu-miR-466d-5p,35.37556963,ND,ND,ND,36.80522353,ND,ND,ND,38.92194149,35.65134808,ND,ND,ND
mmu-miR-467d-5p,ND,ND,ND,ND,39.46161784,ND,ND,ND,ND,ND,ND,ND,ND
mmu-miR-493-3p,35.94544291,35.96994212,37.79591723,ND,ND,37.04929435,ND,38.25639481,37.28989892,38.72372035,37.62328217,37.82922929,ND
mmu-miR-494-3p,34.58529826,33.07134048,35.2288969,ND,35.38487404,35.61178629,36.89938265,35.21600822,32.82589422,33.65266049,33.83500028,36.09677108,ND
mmu-miR-501-3p,37.00106966,34.86800192,35.98264304,35.59571213,35.00073957,35.11791024,35.94528473,34.03317788,36.1398177,35.93849354,35.501792,36.31855118,ND
mmu-miR-532-5p,33.32903836,32.53971272,33.10338578,35.06638356,36.83184494,33.7609706,33.83235482,33.44314903,32.60480863,33.09609397,32.89163401,32.9238034,ND
mmu-miR-540-3p,33.8494927,31.82039375,33.07602457,36.01239746,33.14309925,33.10892217,36.85454781,32.98753484,31.87633951,32.76010446,32.06361972,34.04512625,ND
mmu-miR-544-3p,ND,35.53105088,37.02608797,ND,37.05781482,37.99635498,ND,35.70653548,34.42309949,ND,36.67669349,ND,ND
mmu-miR-574-3p,28.87571869,28.10379668,28.97870882,29.9579582,29.3448115,28.83691106,30.02618389,28.62606832,28.1588532,28.05344993,28.02883776,29.51177,ND
mmu-miR-615-3p,32.51471444,31.53090713,31.9700855,33.22491813,33.33116195,31.54073192,33.18658909,31.12252298,31.43516528,31.84471974,31.67206939,32.23149479,ND
mmu-miR-667-3p,32.51921364,31.8597667,32.65407405,33.26271706,32.34037705,32.72799334,33.75171364,32.51928565,31.62642267,31.72746839,32.06221876,33.08865624,ND
mmu-miR-669a-5p,ND,ND,ND,ND,36.88098517,ND,ND,ND,ND,ND,ND,ND,ND
mmu-miR-676-3p,36.18143001,36.78374247,36.22828961,38.31725996,ND,36.71715757,38.0170205,37.72161512,ND,36.13019452,35.92182038,38.25019395,39.59760051
mmu-miR-682,ND,ND,ND,ND,ND,34.16598941,ND,ND,ND,ND,ND,ND,ND
mmu-miR-742-3p,ND,ND,37.89416848,ND,ND,ND,ND,ND,ND,ND,ND,ND,ND
mmu-miR-744-5p,34.18333804,32.53966703,32.68374628,35.20043143,35.08783911,32.78997932,35.77213257,32.92521698,33.07723274,33.50363813,32.61703325,34.57631557,ND
mmu-miR-758-3p,ND,ND,ND,35.50336202,ND,ND,ND,ND,33.6819814,ND,34.06083452,ND,35.96010529
rno-let-7a-1-3p,30.58945472,30.1322372,30.66600542,31.75685364,31.49419991,30.757267,32.52628522,30.4464603,29.97982279,29.79850896,30.00884333,31.32995381,ND
rno-let-7a-5p,25.21002307,23.65882466,24.13001922,26.21509622,26.03528192,24.050939,26.24236127,23.98500732,23.83296616,24.67713667,24.02358248,25.52306393,ND
rno-let-7b-5p,26.36239414,24.47692626,25.68491961,27.49239227,26.86826526,25.53011143,27.97421638,25.46338297,24.6453768,25.64079607,25.15414626,26.65085505,ND
rno-let-7c-5p,25.48708028,24.04924268,24.53789298,26.469437,25.99941758,24.62023292,26.58222236,24.24686912,24.03838229,24.80138201,24.10431894,25.86397644,ND
rno-let-7d-5p,27.29865579,25.98367022,25.99317402,27.95356695,27.98608519,26.22935241,28.14231665,25.841159,26.13080469,26.59895463,25.9412541,27.32538251,ND
rno-let-7e-5p,27.57874985,26.36462418,26.76596448,29.11368813,28.58464408,26.89086941,29.32857497,26.74563371,26.53146039,26.93169083,26.63615982,28.09616842,ND
rno-let-7f-5p,30.78881761,29.25734823,30.08297694,32.44792692,31.90637727,28.99979764,31.67171156,28.13220171,28.55067597,29.68685485,29.0480011,30.47799486,ND
rno-let-7i-5p,28.47495572,26.72099453,26.8298967,29.46754758,30.4996794,26.80488982,29.24309047,26.64385245,26.3444476,27.95702808,26.73933331,28.26322673,ND
rno-miR-100-5p,27.57044137,27.36756795,27.70727468,28.61444445,28.18013604,27.86220517,28.96993853,27.68365686,27.47559404,27.061221,27.44762458,27.99105646,ND
rno-miR-101a-3p,28.93359523,28.07056956,28.02646525,30.28287974,31.78817911,28.16582516,30.30525094,28.10323397,27.91544838,28.8420159,27.9226868,29.07160633,ND
rno-miR-101b-3p,31.47780941,30.53794341,30.08509417,32.61850801,34.50233417,30.22206797,32.25649794,29.85632429,30.55441294,31.24826197,30.6219808,31.52021443,ND
rno-miR-103-3p,27.27226698,26.34989154,26.32431515,28.0923518,28.55192707,26.44725242,28.30148332,26.18088709,26.46347831,26.84499149,26.44473689,27.64494247,ND
rno-miR-106b-5p,29.62493635,29.11712992,28.67984561,30.56192438,32.1072328,29.2121414,30.02571971,28.7532365,28.98838583,29.01576607,29.01390241,29.94020253,ND
rno-miR-107-3p,29.89908534,28.08699402,28.14473108,30.54229217,31.10677306,28.50686146,30.47923055,28.21838546,28.15844574,28.87901231,28.50996957,29.34861194,ND
rno-miR-10a-5p,34.7984092,36.0396305,32.47766338,32.94977211,36.60335383,32.93435827,33.61489599,32.62133785,36.63624461,33.90148849,34.60375207,32.54076577,ND
rno-miR-122-5p,31.59233447,ND,ND,30.85575482,32.9786241,ND,31.11706905,ND,ND,31.29410002,37.38857298,30.81573391,ND
rno-miR-125a-3p,32.85423959,33.12127946,34.23662272,35.07054035,33.3614053,35.07890847,34.60547139,32.74357005,33.28301206,32.50510008,33.31386553,34.28052909,ND
rno-miR-125a-5p,26.07376243,25.08884211,25.46936615,27.26265534,26.75237985,25.6156712,27.24561806,25.22711092,25.00945596,25.61974342,25.06246368,26.54438816,ND
rno-miR-125b-5p,22.88903831,22.16675919,22.03352681,23.9226202,23.57524726,22.33700616,23.99147089,22.09316628,22.0409888,22.33662206,21.96422356,23.11005618,ND
rno-miR-126a-3p,28.6270373,30.54683227,30.6630139,27.79722045,29.91016967,30.89231147,28.03826408,30.13235905,30.11458794,28.01200717,30.76074216,27.75613312,ND
rno-miR-127-3p,27.70641271,27.16644297,27.73197074,29.67351464,28.14901906,27.8291559,29.24784777,27.66920233,26.64279612,27.24743363,27.04598643,28.65424185,ND
rno-miR-128-3p,32.1286026,31.71644611,31.41888716,32.12939998,32.51873908,31.6013894,31.94011629,31.14388154,30.98985103,31.2654595,31.23070722,31.31102109,ND
rno-miR-129-2-3p,35.23691324,35.90177147,36.35220983,36.61586997,36.11123118,35.55028738,35.89045823,36.20191327,34.70823694,33.01321044,36.98420202,34.60994399,ND
rno-miR-129-5p,35.69921817,34.64844263,34.05529727,34.566743,35.28861663,36.53241386,36.50895903,34.68864738,36.05526996,35.30548552,34.84004375,33.62017099,ND
rno-miR-130a-3p,29.55562094,28.62909676,27.97088034,29.8248428,31.53784875,28.45995311,30.08377021,27.86001785,28.49663562,29.11820164,28.29556637,28.78388689,ND
rno-miR-130b-3p,36.94614858,35.2179073,37.16761751,34.98094897,ND,35.35094546,35.73362732,35.08545447,36.4658056,36.01617883,35.789639,35.224641,ND
rno-miR-132-3p,30.11711906,30.29775482,29.30266888,29.51968894,30.92033339,29.19660671,29.80045228,29.0341252,29.91353599,29.80628999,30.35013214,28.84015445,ND
rno-miR-133a-3p,34.49364917,ND,ND,34.25019536,35.29102189,37.39068742,34.49988926,ND,ND,33.57916791,37.45362512,32.76101263,ND
rno-miR-133b-3p,34.40697494,ND,36.44604998,33.90721152,35.71139749,39.44863409,34.42195241,ND,ND,34.28489929,38.33473059,33.36195579,ND
rno-miR-134-5p,30.56577564,29.856242,30.5688727,31.56505894,31.3577266,31.02834429,32.06052772,30.49930169,29.70645993,29.96006668,29.68553419,31.23384253,37.29089391
rno-miR-135a-5p,36.18141693,37.13817528,ND,37.87684898,ND,ND,ND,37.66957857,35.54981562,36.26033632,36.68128032,37.90371962,ND
rno-miR-136-5p,27.05585611,26.48898202,27.01804635,30.03246691,30.74436599,27.0633776,29.45554464,27.08528231,26.05970409,27.30227445,26.01811199,28.75849244,ND
rno-miR-138-5p,ND,35.56328144,ND,ND,ND,36.15631009,ND,ND,ND,ND,ND,39.01877471,ND
rno-miR-139-3p,ND,ND,ND,36.77258587,ND,37.38725613,ND,ND,ND,ND,ND,ND,ND
rno-miR-139-5p,33.52341384,ND,33.07355498,31.69292128,33.5629742,33.41248851,31.99044318,33.50297037,ND,32.10792381,ND,31.36780182,ND
rno-miR-140-5p,30.14797622,29.13036853,28.65004755,31.28287252,32.04566099,28.89161783,30.44334794,28.4916983,29.27638472,29.85961085,29.00991466,29.51377742,ND
rno-miR-141-3p,ND,ND,36.16421719,ND,ND,37.34947782,ND,35.6778727,36.48732058,ND,37.27424049,ND,ND
rno-miR-142-3p,29.65167079,35.07703475,35.56887645,29.83091009,33.26897128,34.86740188,29.58079859,35.69188019,35.83917286,29.60978227,ND,29.12165506,ND
rno-miR-142-5p,32.62048673,39.5901565,38.12590797,31.94802,34.82343181,ND,32.63835288,ND,37.96277352,32.59377649,ND,32.10083217,ND
rno-miR-143-3p,24.75876745,24.57001109,23.67501483,24.91231479,26.685467,23.95809888,24.9838165,23.78580753,24.55804428,24.55856831,24.70417584,23.8436894,ND
rno-miR-144-3p,32.48930073,36.965125,36.79560897,32.53742199,37.25957723,ND,32.28535958,ND,ND,32.17136804,ND,31.83689318,ND
rno-miR-145-5p,26.05788538,25.56504327,24.74356857,25.9890096,26.4944362,24.7616625,25.95104375,24.73010698,25.27898289,25.1455154,25.2199963,25.024259,ND
rno-miR-146a-5p,29.48493526,29.06122123,28.86483616,30.66531898,30.66393645,29.05946449,30.61504325,28.81376625,28.92636518,29.07985064,28.77062046,29.71567713,ND
rno-miR-146b-5p,31.55662004,30.49041926,30.74224195,32.48571536,33.04560773,30.80921489,33.12057335,30.61248418,30.31033727,31.05401376,30.25319388,31.53875375,ND
rno-miR-147,35.19565726,34.12121713,ND,ND,ND,36.00684921,ND,35.08950423,33.94146206,35.78467188,34.7775311,ND,ND
rno-miR-148b-3p,30.47275663,30.21335385,30.25484162,31.07231369,31.94344153,30.07818235,30.98526052,29.71450441,29.58187267,29.91958334,30.0560412,30.02183024,ND
rno-miR-148b-5p,34.97666145,35.59500228,34.78355085,37.06203272,37.40579407,34.96255174,35.61112223,34.87438709,34.51255668,34.6998841,34.53420775,36.21302143,ND
rno-miR-150-5p,31.55029397,33.90069119,33.82225243,30.52109911,31.80229049,35.05426784,30.82477938,33.80724615,33.34094869,30.84177231,33.63841626,30.57510439,ND
rno-miR-151-3p,31.98604556,31.38162666,31.34795166,32.51575981,31.78798642,31.70431965,32.5072945,30.96295544,30.97757526,30.8061735,30.93570371,31.76616176,ND
rno-miR-151-5p,29.06421033,28.77754477,28.80641423,29.77232792,30.05515186,29.033505,29.93885748,28.71406837,28.6718792,28.61417772,28.92428489,29.08944645,ND
rno-miR-152-3p,25.63718514,25.45677924,25.64816386,26.48219979,27.25370391,25.66783449,26.33841735,25.55660748,25.25040072,25.18264446,25.29537834,25.55879144,ND
rno-miR-154-5p,28.47260352,27.81577461,28.62113405,29.95020192,29.13637432,28.76862901,29.94669735,28.58436441,27.81409867,27.90275687,27.8858948,29.32405733,ND
rno-miR-15b-5p,30.22721038,28.44399952,30.00230249,31.17580163,31.76324652,29.8888596,31.58296718,29.12574614,28.61674512,29.52551585,29.48935579,30.51533869,ND
rno-miR-16-5p,24.70181086,23.78955404,23.65679293,25.24484831,26.01850732,23.85867826,25.34533553,23.63844866,23.71138827,24.06362973,23.57899856,24.60364805,ND
rno-miR-17-1-3p,32.38032298,31.95439506,32.21537204,34.6982229,35.04427746,32.88546465,34.05403946,31.59938336,31.04815711,32.28769524,31.19433632,34.24443558,ND
rno-miR-17-5p,39.03805564,36.47864812,35.5063064,37.727984,37.12020462,35.0817116,36.29474703,35.75318294,35.93445041,34.76674456,36.46597991,36.43717458,ND
rno-miR-181a-5p,28.2347692,27.20382837,28.25383856,29.70370343,29.54085408,28.36678964,29.97836158,27.98035422,27.24221333,27.82727728,27.70953888,28.91078101,ND
rno-miR-181b-5p,31.26036784,29.76865276,30.83600006,33.61942163,31.9190802,31.2696477,33.0884734,30.45875163,29.39092028,30.52941228,30.12864787,31.79897102,ND
rno-miR-181c-5p,35.71244946,36.19323639,35.73139061,37.0825054,ND,36.24158902,37.36542629,36.13026857,36.66280813,36.99550156,36.83133926,35.28756219,ND
rno-miR-181d-5p,ND,35.34022976,34.25623914,35.9831579,ND,34.9056264,ND,36.77662317,35.94137535,37.21794923,35.04468752,ND,ND
rno-miR-182,36.1792333,ND,35.69764295,ND,ND,35.91939133,ND,35.6823662,36.25407773,ND,ND,ND,ND
rno-miR-183-5p,ND,ND,ND,ND,ND,ND,ND,36.76543321,ND,38.56709385,ND,ND,ND
rno-miR-184,ND,ND,ND,ND,ND,38.07681321,ND,ND,ND,ND,38.44129535,ND,ND
rno-miR-185-5p,31.76889895,30.56963465,30.9400597,32.27402939,33.65804994,30.92628019,33.03211119,30.67677805,30.6585044,30.79983263,30.59311636,31.88952652,ND
rno-miR-186-5p,30.36515874,30.88118665,30.98406719,31.86606424,32.08826629,30.90919205,ND,30.26281132,30.77264568,30.42142785,31.13197068,31.21319228,ND
rno-miR-187-3p,ND,37.076296,35.11024204,38.55761809,35.50622214,37.93882896,ND,35.23064923,37.75190556,35.62283924,34.71164795,35.85411029,ND
rno-miR-188-5p,34.34917772,34.68657159,35.60574755,36.04541069,37.98289876,34.47495519,36.11318719,34.11014502,33.55217462,34.88816503,34.30833875,34.75009965,ND
rno-miR-18a-5p,32.07349169,32.52066826,31.81399636,32.91689225,35.33019307,32.23435306,32.66566144,32.0709372,31.63296088,31.90656651,31.97893027,31.62655202,ND
rno-miR-190a-5p,37.10043312,33.35060761,34.8625288,38.87684718,ND,35.28045506,ND,34.08809848,32.98942538,35.08297373,34.0376389,37.43121774,ND
rno-miR-190b-5p,ND,36.68933445,37.3461692,ND,ND,36.78220124,37.62458167,ND,ND,ND,ND,ND,ND
rno-miR-191a-5p,28.61834336,27.66634718,27.67303862,28.93747168,29.06084431,27.80339816,29.11096732,27.71530962,27.80402108,27.74385427,27.7631111,28.50502098,ND
rno-miR-192-5p,32.19610908,33.16813712,32.2580602,33.30738966,36.74770993,32.61604048,33.05416959,31.84474719,32.1078317,32.62547942,32.78444448,32.31841903,ND
rno-miR-193-3p,33.17960378,31.93037914,31.74692578,34.5706606,36.00459025,32.95133982,35.94471717,31.81353388,32.26340298,33.78549072,32.01594063,33.64953447,ND
rno-miR-194-5p,33.60087616,32.73310567,32.71446523,33.21882573,34.56420881,32.55157938,33.81699196,32.19030704,32.24560195,33.2342472,32.53408705,33.53498424,ND
rno-miR-195-5p,32.83350102,31.60528783,31.21441104,33.54152002,36.1184299,31.53165729,33.6028652,30.88455968,31.49171443,33.26070804,31.63410802,32.64158719,ND
rno-miR-196a-5p,37.87186889,34.81406397,36.0796102,36.85893265,ND,35.17174934,ND,36.29186221,35.96847745,ND,34.66627686,37.0867547,ND
rno-miR-196b-5p,34.46455226,33.30653009,33.25408084,36.21238796,35.49574263,33.20926517,35.10925283,33.58634823,35.25151039,33.56815815,34.83644045,35.05531428,ND
rno-miR-199a-3p,24.94734067,24.19756377,24.80285777,26.16300773,26.07431033,24.89097714,26.26691902,24.57901209,24.22308641,24.54838961,24.28358091,25.59159875,ND
rno-miR-199a-5p,25.90330838,24.74471765,25.53507086,27.59098092,27.0854014,25.68445102,27.42861109,25.28131522,24.79749126,25.44143209,24.86768213,26.59597681,36.95890168
rno-miR-19a-3p,29.42599237,28.91438165,29.20483692,30.17140119,31.99917238,29.43014559,29.65415511,29.01146409,28.72265381,28.78291654,28.74700386,29.03586415,ND
rno-miR-19b-3p,28.76034724,27.949927,28.21908641,29.12495661,30.86748408,28.47971831,28.77275645,28.16389214,27.57169751,27.91243339,27.8830121,28.47486505,ND
rno-miR-200b-3p,ND,ND,ND,ND,ND,ND,ND,ND,ND,ND,ND,35.83332024,ND
rno-miR-200c-3p,36.26878142,35.7574897,37.08615889,ND,35.51452708,35.21863985,ND,ND,36.41066556,34.80900981,ND,ND,ND
rno-miR-203a-3p,ND,37.1040347,ND,ND,36.81144878,ND,35.76103962,ND,35.11646683,ND,34.92669529,ND,ND
rno-miR-204-5p,30.98973659,30.52667571,32.60160049,32.6192864,30.95993522,33.59897489,34.06873042,32.87457718,30.64124759,30.50152982,30.57936794,32.17080135,ND
rno-miR-206-3p,35.94173626,ND,35.02377219,39.99004948,37.6601882,37.73041375,ND,36.73199414,38.17057158,ND,36.89419964,36.50469001,38.01739163
rno-miR-20a-5p,28.95753364,29.17721102,28.73729706,29.10053593,30.91268612,29.00723681,29.28549476,28.49167888,29.06096444,28.71168266,28.86928656,28.48069103,ND
rno-miR-20b-3p,ND,ND,ND,ND,ND,ND,ND,ND,35.6813478,ND,ND,ND,ND
rno-miR-210-3p,31.50856819,29.49263714,29.78429698,31.17697682,32.58947651,29.80518312,31.67685412,28.64206771,29.26067825,31.31841568,29.27737394,29.57377464,ND
rno-miR-211-5p,33.47267967,ND,33.70092545,35.826833,36.15193612,33.93725173,34.65429849,33.80634585,35.14178051,33.71499529,34.2789133,33.61519404,ND
rno-miR-212-3p,32.94745281,32.39400483,32.54200154,ND,34.2072068,32.34076445,33.59543505,31.69063331,33.13145333,32.25880587,32.72271451,32.49798158,ND
rno-miR-214-3p,24.68499075,23.74287311,24.44110791,25.86647027,25.22881133,24.62357678,25.84648602,24.1837213,23.76748252,24.21853731,23.80397668,25.18090345,37.70664611
rno-miR-21-5p,22.39396027,22.33449286,22.64843604,24.10366465,24.81222203,22.82688687,23.81472391,22.27924255,22.181563,22.01772799,22.5532058,23.06887861,ND
rno-miR-216a-5p,ND,ND,ND,39.08690748,ND,ND,ND,ND,ND,ND,ND,ND,ND
rno-miR-218a-5p,32.14753632,29.96103639,29.84654594,32.82437496,33.9061233,29.84031504,32.10435167,29.75207627,29.89048909,31.17289036,30.69058463,31.40441328,ND
rno-miR-219-1-3p,ND,ND,ND,ND,36.65789735,ND,ND,ND,35.80846798,36.63687916,38.98675963,ND,ND
rno-miR-219-5p,33.10370491,30.87420598,31.51096349,34.42775201,ND,31.63801916,35.96480444,31.62940517,30.81432953,33.67633404,30.8692412,34.50945426,ND
rno-miR-221-3p,25.62784002,24.88523327,25.43703929,26.57499999,26.18713059,25.54853836,27.09293117,25.57279209,24.87440074,24.89303671,24.9855252,25.9936443,ND
rno-miR-222-3p,27.0223278,26.48540058,27.54668348,28.36754762,27.93720542,27.5694254,28.55040351,27.51029284,26.48208904,26.61677208,26.91569475,27.86378359,ND
rno-miR-223-3p,29.2623095,39.58715147,ND,28.27207137,29.80872319,ND,28.34303301,ND,ND,28.67627715,ND,28.54882523,ND
rno-miR-22-3p,26.17998128,25.85813981,25.92788391,26.6994705,27.48603126,26.21372068,26.69669736,25.97535337,26.08551204,25.78787124,25.99605171,25.94530105,ND
rno-miR-224-5p,32.78424966,32.07857355,32.28061085,33.2611896,33.8198652,31.84479932,33.80882151,32.50026478,32.65751295,31.8749891,32.49821866,33.76512917,ND
rno-miR-23a-3p,24.46993353,23.80137359,24.09246477,25.24564762,25.30472679,24.18049137,25.71880012,24.07421738,23.93312178,23.79040085,23.91389905,24.70392706,ND
rno-miR-23b-3p,24.94956387,24.09455755,24.81856542,26.44053345,25.76206134,24.92281086,26.53645239,24.83819383,24.16860548,24.4720662,24.36409242,25.70746944,ND
rno-miR-24-3p,24.82425379,23.59773205,24.02434685,25.59089941,26.04245678,24.05232587,25.95823876,23.98224033,23.59653827,24.13665293,23.59311572,24.60309675,ND
rno-miR-25-3p,29.83093984,29.86458548,29.76647569,30.025978,31.09735914,30.00307824,30.13378709,29.70554956,29.74511597,29.15227784,30.00413061,29.52360705,ND
rno-miR-26a-5p,26.68086057,25.64854745,26.13289987,27.88902294,28.09915158,26.23323427,27.76457206,25.92343599,25.68809959,26.32753918,25.95902929,27.12695915,37.95579219
rno-miR-26b-5p,31.48186083,30.26084786,31.47451281,33.53943306,33.36278962,31.15876769,32.98853871,30.75654567,30.25098045,31.20870291,30.77999424,32.07835571,ND
rno-miR-27a-3p,28.30268379,26.58728444,27.43305528,30.08792025,ND,27.84191039,ND,ND,26.27994959,27.51783791,27.28447207,29.0856199,ND
rno-miR-27b-3p,25.10737784,23.87585698,25.17878519,27.00677731,26.75995788,24.98544995,27.25160901,24.78045202,23.91723521,24.50510624,24.21389548,25.87162398,ND
rno-miR-28-5p,30.10714692,29.49194215,29.44599013,30.85372633,30.99861585,29.62887026,31.01022488,29.35394352,29.29595706,29.33949442,29.18230678,30.51111599,ND
rno-miR-290,ND,ND,36.31241928,34.96546104,ND,ND,ND,ND,36.0703808,ND,ND,ND,ND
rno-miR-291a-5p,ND,36.72474008,37.59907083,37.38431814,ND,ND,ND,36.72253907,35.8356155,ND,37.00636826,38.45388661,ND
rno-miR-296-5p,ND,36.76621822,35.53655872,ND,ND,35.15147644,ND,34.6578568,35.74827165,37.77984801,36.1114404,ND,ND
rno-miR-298-5p,35.53198453,37.19478143,32.64808272,37.36420537,ND,33.46716433,34.585405,34.30232003,34.75791084,34.88616705,34.28858597,33.93238686,ND
rno-miR-29a-3p,27.6890453,25.9112388,25.92008405,28.26078012,29.71794686,26.46368534,28.33785741,25.91635609,26.08702075,27.01273871,26.06713195,26.91999606,ND
rno-miR-29b-3p,31.08057343,29.19657752,28.74214318,32.75904651,35.62569234,29.11681534,32.02469742,28.81185178,29.06752568,31.25912876,28.83206814,30.32102969,ND
rno-miR-29c-3p,31.08534728,28.95045504,28.92227881,32.28213368,32.6780106,29.47631255,31.97234151,29.06935304,28.88398841,30.57108835,29.32975755,30.20952761,ND
rno-miR-300-3p,32.58395076,31.11965295,32.25422632,34.04480609,34.45269102,32.5347446,33.81674237,32.13248395,31.15520112,31.87030767,31.88440274,32.83281529,ND
rno-miR-301a-3p,29.66605968,27.89083835,27.89686698,30.66812189,32.28326541,27.86054006,30.94308741,27.87384384,27.89725442,29.19845886,28.00385727,29.85417999,ND
rno-miR-301b-3p,35.17330185,32.53024224,32.89382041,35.82946823,36.6384777,33.62416342,36.49451148,33.15018984,33.31447599,34.11644538,34.29293931,34.58043636,ND
rno-miR-30a-5p,30.65473613,29.57185807,29.90038307,32.12928073,32.7190338,29.82577603,32.01876989,30.15298537,29.68742605,30.1938977,29.91889198,31.04330787,ND
rno-miR-30b-5p,28.75420452,27.75804863,27.81081295,28.95632017,29.35936146,28.06477401,29.35564425,27.72649572,27.68435371,27.96719989,27.79177796,28.72719696,ND
rno-miR-30c-2-3p,34.61667708,34.77777654,35.04422427,35.02645508,36.03449633,35.48044927,35.82940676,35.02619117,34.86657735,35.71695401,34.51781835,36.8739654,ND
rno-miR-30c-5p,28.64077657,27.27339232,27.683402,29.10925032,29.18184238,27.87534621,29.36786795,27.57235407,27.36148912,27.86279127,27.52796909,28.76207998,ND
rno-miR-30d-5p,34.05940735,32.56938025,32.78898751,34.15759312,34.28677357,33.25594321,34.78689219,32.99726893,32.36628275,32.77542101,33.62609285,34.46072086,ND
rno-miR-30e-5p,30.09128604,28.58297256,28.88791727,31.63753671,32.11142925,29.03249338,30.77594924,28.77027012,28.65546901,29.64167774,28.78003011,30.53587214,ND
rno-miR-31a-5p,25.35837006,24.01616349,23.77398043,25.76532516,26.47279703,23.9688049,26.00346345,23.72272982,23.93655642,24.53792277,23.90358977,24.87603964,ND
rno-miR-320-3p,27.94952634,27.68517902,28.48266856,29.61812405,28.89958862,28.71365056,29.40068075,28.06703196,27.69583196,27.88691451,28.36604199,28.61323798,ND
rno-miR-322-5p,26.2417285,25.14852287,27.4409471,29.17980842,28.24344422,27.2891626,29.15473906,26.98080813,25.1986589,25.99944188,25.49774863,28.09141313,ND
rno-miR-323-3p,35.68204135,34.15347499,35.29973119,35.46427147,36.52864475,34.00565894,34.93015882,34.92801647,34.59537249,34.02809238,34.83054844,35.58917922,ND
rno-miR-324-5p,30.07345276,28.88889948,28.66978389,31.45616708,33.19593902,28.57055815,31.05562028,28.55286477,28.96543248,29.93510335,28.65061098,29.62735659,ND
rno-miR-325-3p,ND,34.15152514,34.30122822,33.98366059,ND,34.26801684,33.77780092,34.68877477,33.53988032,32.76171968,35.18365627,34.03462821,ND
rno-miR-32-5p,33.9000005,31.33047366,32.48798046,34.92629122,36.27899607,32.02022883,33.67945779,31.98003121,31.50786703,33.1992101,30.94421359,33.55760632,ND
rno-miR-326-3p,35.71735454,ND,35.03555229,35.60125806,36.89802958,36.77583585,34.97608697,36.94672613,36.68452436,ND,34.52778604,33.74743558,ND
rno-miR-328a-3p,29.89581164,29.15817932,29.5459967,30.58135888,30.51725492,29.32743121,31.2512077,28.97307425,29.09674084,29.37848735,29.22731366,29.86458462,ND
rno-miR-329-3p,32.25733303,31.8631948,32.70947486,34.47821491,32.88920861,33.49212059,34.27529816,32.93427012,32.28563911,32.56599341,32.54065714,34.05055716,ND
rno-miR-330-5p,35.03102604,ND,35.31129758,34.73681486,37.43237293,37.90265165,35.72807366,33.74748259,33.73080598,36.31215924,34.11596047,37.15468748,ND
rno-miR-331-3p,33.44720959,32.36105153,33.34024699,35.05232359,35.08034942,33.78512258,34.83937279,32.6381996,32.81452835,33.2843701,33.5230595,34.63106917,ND
rno-miR-335,35.08304007,35.87508464,ND,37.40926597,38.012314,37.79052305,37.26190326,ND,35.22864533,35.15897571,36.64265443,35.8769931,ND
rno-miR-33-5p,31.6623847,30.1150809,30.5287331,33.77456472,35.6003305,30.36156913,33.47803042,30.14505913,29.1050774,32.19703044,29.24942622,32.35382103,ND
rno-miR-337-3p,29.65803285,28.78580772,30.05099379,31.70480871,30.95604386,30.03766352,31.91790984,29.79778087,29.08142245,29.06125309,29.1770832,30.47867042,ND
rno-miR-338-3p,ND,ND,ND,ND,ND,ND,34.44690401,ND,ND,35.23108415,ND,33.8624356,ND
rno-miR-339-3p,33.8468106,33.17222475,32.96962946,35.52153063,35.34790896,32.68934584,ND,ND,32.80514537,32.01344132,32.84828149,33.65971157,ND
rno-miR-339-5p,33.00177177,32.32425627,32.68700316,34.30995352,33.79433037,33.0467753,34.04832244,32.33544059,31.62278805,32.51706044,ND,33.82694756,ND
rno-miR-340-3p,35.54704841,34.12363618,33.85722877,ND,36.46138817,34.45823925,ND,36.02490848,33.83000357,34.31957149,34.54020333,36.44316464,ND
rno-miR-342-3p,30.74240781,30.48188478,30.61133481,31.20970945,32.22850141,30.72797244,31.77973394,30.58773364,30.51257912,29.99417087,30.83606455,31.06158328,ND
rno-miR-342-5p,35.81151584,35.76633949,35.63662571,ND,ND,39.18312736,37.91528834,36.53185563,36.67132694,37.69566959,37.95146473,37.51163236,ND
rno-miR-345-5p,29.51665379,28.58166541,28.88715079,30.58242493,29.94057073,28.96598718,30.12815402,28.4543185,28.7809187,28.53534346,28.88384945,29.15263163,ND
rno-miR-346,36.17112634,ND,ND,ND,ND,ND,ND,ND,ND,ND,ND,ND,ND
rno-miR-34a-5p,27.58627557,26.50992523,26.7423456,28.74716527,29.55471702,26.78617456,28.88158508,26.59176042,26.59783525,27.23055959,26.55587728,27.4920224,ND
rno-miR-34b-3p,31.65171952,31.15313357,30.97338341,31.96277743,31.66183677,31.92000626,33.49626453,31.53829914,31.33729591,30.63612398,31.30360496,32.1514692,ND
rno-miR-34b-5p,32.62986962,29.99905808,29.94280565,34.83079701,36.43892905,30.27300704,34.05476159,29.81714655,29.73268446,31.9522335,29.91296816,32.3449167,ND
rno-miR-34c-5p,31.03537382,29.28395536,29.7232599,33.14563279,33.57526883,29.52319097,32.65932514,29.45552924,29.14668213,31.02680085,29.5172838,30.89523705,ND
rno-miR-361-5p,29.97478527,29.69573485,29.53797081,30.57644517,30.79584717,29.8333383,30.56204651,29.4993774,29.59618365,29.46637991,29.55240647,29.82086545,36.0573393
rno-miR-362-3p,32.06024017,31.61260162,31.18022774,34.05198796,34.4372536,31.68738735,34.31693732,31.25283369,31.17894319,32.29623054,31.27127698,32.67978718,ND
rno-miR-362-5p,34.99055305,33.62718509,34.31686028,36.17712547,34.74480634,34.38541983,38.48114183,33.82276581,34.21805586,33.6301275,34.22032294,33.94909306,ND
rno-miR-365-3p,28.47081474,27.30167726,26.85862414,28.00301328,29.56362115,26.96927786,28.57223434,26.8562253,27.31643138,27.85214313,27.3663312,27.23790868,ND
rno-miR-369-3p,33.66253338,33.24165075,34.30708962,35.48076645,36.08168896,35.35872475,36.52838179,34.73157258,33.77010565,33.53441631,34.4887246,35.35578937,ND
rno-miR-369-5p,31.82637862,30.78248949,31.77406275,33.11986915,32.39609187,31.88890274,33.00356016,31.70259505,30.20830177,30.66265843,30.8151282,32.21937285,ND
rno-miR-370-3p,31.76704588,30.07831425,31.20994331,32.92921879,33.50662205,31.06807503,33.82678421,31.48126255,30.66260852,31.44936955,30.95074168,32.63956522,ND
rno-miR-374-5p,31.58552878,30.89671024,31.61718747,33.02880672,33.19990526,32.10503713,33.01199827,31.66005284,30.46228746,31.2193009,30.77100489,32.05003863,ND
rno-miR-375-3p,ND,ND,ND,ND,ND,ND,ND,ND,ND,ND,ND,35.81854948,ND
rno-miR-376a-3p,29.26857595,28.14029405,28.95543764,31.62859961,32.88644347,29.10665761,31.89432428,28.85375288,27.81782948,29.21049304,28.00186281,30.52962722,ND
rno-miR-376b-3p,31.97186632,30.8598537,32.25976251,33.80890942,34.02374603,32.14156774,33.57778236,31.81126349,30.66439911,31.48087541,30.93797746,32.7826659,ND
rno-miR-376c-3p,30.06928679,29.19432131,30.32396778,31.60300837,31.91653165,30.32837358,32.16246084,30.68730685,28.74045289,29.24079475,29.35624568,30.75906722,38.04815703
rno-miR-377-3p,33.50342282,32.7524822,33.35942989,35.09513282,35.93715201,32.97848649,34.96534808,34.13114249,32.54182953,32.53880095,33.69634809,33.75957571,ND
rno-miR-378a-3p,32.90966797,31.64882295,31.86739241,34.29259764,34.05018463,31.87266154,32.97735973,32.0597719,32.15192193,31.96399981,31.85031707,31.5680967,ND
rno-miR-379-5p,28.7752918,26.88976646,28.14507186,30.56158531,30.25960685,28.11717485,30.21369435,27.88139671,26.86803963,27.90278718,27.32101574,29.27306719,ND
rno-miR-380-5p,35.06086556,33.57809743,37.20330202,36.44029942,35.97775693,35.72005106,ND,35.18164455,33.67509168,36.22608787,34.25078849,37.03600134,ND
rno-miR-381-3p,ND,36.80854203,ND,ND,ND,ND,ND,ND,ND,36.57441782,37.22636009,ND,ND
rno-miR-382-5p,30.59267675,29.55641857,30.49617678,31.69192057,30.84434509,30.31799258,31.62353045,30.12334275,29.20496407,29.21978382,29.66132557,30.60369218,ND
rno-miR-384-3p,ND,35.73759522,ND,ND,ND,ND,ND,35.90262834,36.73645021,37.07942665,36.09364002,ND,ND
rno-miR-384-5p,ND,34.85025489,35.57309629,36.52755409,36.27968971,36.46779317,35.78508621,ND,36.6567213,35.5767068,36.08904743,ND,ND
rno-miR-410-3p,30.67943654,30.35884392,31.70618591,32.00731407,32.08209008,31.08042996,32.21471708,31.51059004,30.09170603,29.94067154,30.47244513,31.22709761,ND
rno-miR-411-5p,27.97325078,27.09721637,28.02782604,30.23642057,30.00305785,28.28804486,29.81360224,27.95810975,27.06737036,27.6790576,26.99914294,29.19472326,ND
rno-miR-421-5p,35.74022482,34.10303772,35.65205869,37.70616511,36.25872775,34.09446705,35.78512272,34.33638756,35.50961409,35.98307803,33.79139347,34.64852259,ND
rno-miR-423-3p,30.53317829,29.73815936,29.47144831,30.62873238,31.26272209,29.9045718,31.37738381,30.03959022,29.62704198,30.03679636,29.70529006,29.81291348,ND
rno-miR-425-5p,31.29367868,30.83835033,31.00863271,31.78847612,32.66019235,31.49813244,31.72520076,31.5126044,31.05764729,30.25542998,31.18821332,31.02100868,ND
rno-miR-429,ND,ND,ND,ND,38.84539178,ND,ND,35.43772955,ND,ND,36.79797075,ND,ND
rno-miR-431,29.50613732,28.47733145,29.67505072,31.18859581,30.524092,29.5812054,31.14449532,29.50836708,28.37026339,28.89894693,28.57621306,30.1094428,ND
rno-miR-433-3p,32.20591806,31.10202142,31.8968603,33.60596789,32.78333493,31.7285553,33.26785261,31.99605317,31.19852269,31.70988478,31.43976291,32.11606807,ND
rno-miR-434-3p,26.85079481,26.83091466,27.70911959,28.561912,27.66937767,27.662418,28.69555217,27.72207618,26.81906566,26.45246028,26.80438412,28.11412627,ND
rno-miR-449a-5p,34.66502023,33.75118295,33.47092462,36.22221688,36.56090034,32.98378012,36.75006675,32.90074849,33.84789054,34.9912154,34.29340682,34.56082828,ND
rno-miR-449c-5p,ND,34.838201,35.04182193,ND,ND,ND,ND,36.701392,ND,ND,35.92720414,ND,ND
rno-miR-450a-5p,27.50287035,26.22888351,28.53192819,30.17051835,28.12856636,28.85765483,30.12327651,28.3133714,26.16111372,26.556604,26.76072109,29.2392768,ND
rno-miR-451-5p,28.17347496,38.66349544,ND,27.56325901,29.46680101,ND,27.88349424,ND,ND,27.65942522,ND,27.31539627,ND
rno-miR-455-5p,33.79426473,32.5459893,33.21577285,34.71308339,36.39889956,32.88186679,35.18363883,33.19255126,32.3237463,32.79176102,32.19108925,33.99066876,ND
rno-miR-484,32.28380919,31.85401133,32.36032898,34.28161303,34.89079336,ND,33.8733274,32.65926649,31.84856876,32.50324155,32.10547673,33.68494407,ND
rno-miR-487b-3p,31.08621016,30.50263312,31.35280736,32.14500923,31.87180845,31.1638187,32.36417907,31.24483373,30.67779854,30.13759386,30.63209307,31.71734449,ND
rno-miR-490-3p,32.99993708,32.80177015,32.93075536,32.82249813,33.30521117,32.84211283,33.05259316,32.72843026,33.18582208,33.05150711,33.31583256,32.19209216,33.12623946
rno-miR-493-3p,33.14082898,32.27270383,33.68659025,36.18751603,36.01268975,33.8542016,34.8484361,33.66509298,32.59401038,32.75635475,32.94558657,34.64364311,ND
rno-miR-495,28.68336526,28.58543231,28.99190845,30.03516021,29.7854116,29.09922963,30.03909105,29.17820252,28.58055011,28.2230892,28.71648629,29.04950526,ND
rno-miR-497-5p,32.82454942,31.29663885,30.63017695,32.09374528,33.46437748,30.65955156,32.48367115,30.56244072,31.71737641,32.03792353,31.58189692,31.17503185,ND
rno-miR-499-5p,36.14520664,34.85022468,37.48522516,37.84330057,ND,34.69766151,39.56343394,34.96125466,34.59574491,34.74115926,35.52388219,36.97547113,ND
rno-miR-500-3p,33.44534523,32.85767971,32.68560934,34.68633495,35.51108919,33.20634634,35.57241018,32.88490927,33.89441098,32.66307861,33.15426504,32.76991049,ND
rno-miR-503-5p,30.09671004,27.82922932,30.307352,34.65939537,34.31120589,31.00331936,34.93328091,30.37097149,27.96878607,29.61782572,28.25106623,35.31738667,ND
rno-miR-505-3p,34.45427267,33.99144563,35.02264492,35.56579052,35.76538107,34.96987518,35.80914737,34.5386957,33.8072248,33.81707726,34.71557743,34.89085235,ND
rno-miR-539-5p,30.29042102,29.63209585,30.72702715,31.73510351,30.97417416,30.32518392,31.8727374,30.70095763,29.67619484,29.69417505,29.67349591,31.57912923,ND
rno-miR-540-5p,ND,36.88156029,35.28718943,ND,35.17472683,36.57900753,ND,36.46676522,35.81574083,35.63641841,34.29129068,ND,ND
rno-miR-541-5p,29.82416564,28.60781038,29.35753714,31.50307552,30.44302899,29.45933273,31.32648865,29.28466979,28.58620169,28.85780507,28.58689151,30.32962755,ND
rno-miR-542-5p,31.58359355,30.60534602,32.53701033,33.99220454,32.92295801,31.97597919,33.30393425,32.13419328,30.52135661,30.98302345,30.23512497,32.48761951,ND
rno-miR-582-5p,34.76486916,34.75106547,32.79563057,33.74616271,35.1925011,32.95065626,34.91462429,32.60425057,34.12824997,35.09270693,34.52389024,33.75534432,ND
rno-miR-592,ND,35.75115112,35.81903808,36.21594401,ND,35.08349549,38.0203697,34.70153764,ND,ND,ND,36.94089594,ND
rno-miR-598-3p,34.85492675,35.17400951,34.76278493,35.97234402,36.76661538,35.25183691,36.92080963,34.07169531,34.84048668,ND,35.16556174,34.72416547,ND
rno-miR-598-5p,ND,ND,ND,ND,ND,36.47720022,ND,ND,ND,ND,ND,ND,ND
rno-miR-628,ND,ND,ND,ND,ND,ND,ND,ND,ND,35.93134965,ND,ND,ND
rno-miR-652-3p,30.12227138,29.31886267,29.64873287,30.85645602,31.25764025,29.74960494,31.31283024,29.50403494,29.20314265,29.34389082,29.53157483,30.50615779,ND
rno-miR-668,33.68887646,33.09100016,32.8590093,35.16204244,33.83482389,34.03187591,38.31814449,35.82521088,32.47043389,32.78884796,33.58056172,32.77288767,ND
rno-miR-672-5p,32.25735382,31.60619791,32.92910583,36.97208734,32.53686946,32.76223724,33.97217363,32.91595581,31.49672499,31.17235888,31.61187632,32.84908298,ND
rno-miR-708-5p,32.51437293,32.84732404,33.52856778,35.65126345,35.26233853,34.06990265,33.89148946,32.32869342,32.2634905,32.36011302,32.29352653,33.6909257,ND
rno-miR-760-3p,ND,35.77160358,34.24202937,35.61524583,35.48602173,34.786766,35.82578023,35.92750577,39.39266416,34.05563174,ND,34.76039828,ND
rno-miR-7a-5p,34.50853461,32.54448998,31.95931993,34.72452132,34.7665933,32.32199561,34.30400488,32.44046323,32.34527861,33.44721281,32.25207846,33.04060915,ND
rno-miR-874-3p,34.5242488,33.5884717,34.8893762,34.78039899,34.12754981,33.05735547,ND,32.85887748,32.97764008,33.25250607,33.24612499,33.52949689,ND
rno-miR-877,35.84683149,34.52918892,34.52161447,35.11101222,36.25511849,34.72115419,36.4521637,35.86020982,35.02059381,34.35685626,34.15585746,33.95515049,ND
rno-miR-92b-3p,ND,ND,ND,37.49653389,37.18488918,36.85481544,ND,ND,ND,ND,35.80536914,38.37368481,ND
rno-miR-93-5p,29.20875463,29.24968874,28.87840797,29.84185802,30.72257481,29.18963369,29.45141394,28.77470304,28.94404608,28.83703257,28.9925701,29.04373813,ND
rno-miR-96-5p,ND,ND,36.53976279,ND,ND,ND,ND,35.49248607,37.34477499,36.55686593,35.836655,ND,ND
rno-miR-98-5p,31.9830231,30.59887243,30.00489015,32.54220151,33.22779441,30.42819367,31.94137762,30.07840494,30.42189423,31.07656508,30.21698176,31.55194725,ND
rno-miR-99a-5p,27.55093324,27.28586308,27.5001761,28.57773733,28.24779625,27.58851531,28.856807,27.50132362,27.20211612,26.93839617,27.70584055,28.0032036,ND
rno-miR-99b-5p,27.19602492,26.89658243,27.36286044,28.06316207,27.49881293,27.14414336,28.34079636,26.8480609,26.63513932,26.3745252,26.72454225,27.19234817,ND
rno-miR-9a-3p,ND,ND,39.22814926,ND,ND,ND,ND,ND,ND,38.11918229,39.04631831,ND,ND
rno-miR-9a-5p,ND,37.92481425,38.46106841,ND,37.45478295,ND,37.16982142,ND,ND,37.19819004,ND,ND,ND
RNU1A1,25.49280328,23.05163522,22.80295799,25.63231251,25.35881722,22.34620047,25.74869022,22.08992013,22.94535281,25.06884158,23.34340299,25.15641791,ND
RNU5G,27.76426117,24.74195859,24.86881198,28.83904781,27.67187162,24.82198196,28.92249397,24.73778921,24.81546181,27.31279417,24.97721801,28.31565309,ND
UniSp3 IPC,20.84862986,20.99638112,20.99312669,20.76642318,20.77618831,20.798837,20.78599084,20.59703907,20.80696552,20.88264775,20.73938603,20.68488019,20.78738636
UniSp6 CP,21.83985088,21.09087075,21.37397923,21.93239048,22.88883537,21.92223204,22.74087572,21.76563336,20.76375554,21.77420392,22.53784065,22.36425339,22.0009932
